Question,Link
How to guarantee python logging completion?,/questions/57661347/how-to-guarantee-python-logging-completion
AngularJS - md-option overrides and removes the previously selected values when using filter,/questions/57661346/angularjs-md-option-overrides-and-removes-the-previously-selected-values-when
How to change a 'Building Block Gallery Content Control' drop down selection using vba code,/questions/57661345/how-to-change-a-building-block-gallery-content-control-drop-down-selection-usi
Unable to assign message from delivery callback block in rabbitmq with java,/questions/57661344/unable-to-assign-message-from-delivery-callback-block-in-rabbitmq-with-java
mySQL Inserting values into a single colume results in multiple rows?,/questions/57661343/mysql-inserting-values-into-a-single-colume-results-in-multiple-rows
Firebase cloud function returns null in Flutter,/questions/57661340/firebase-cloud-function-returns-null-in-flutter
Using C++ boost::circular_buffer with C sockets,/questions/57661339/using-c-boostcircular-buffer-with-c-sockets
Create array of JavaScript objects from input form fields,/questions/57661338/create-array-of-javascript-objects-from-input-form-fields
‚ÄãDaily‚Äã average number of staying guests ‚Äãfor a specific date range,/questions/57661334/daily-average-number-of-staying-guests-for-a-specific-date-range
How can I have common login for all my web apps under the same domain?,/questions/57661332/how-can-i-have-common-login-for-all-my-web-apps-under-the-same-domain
acumatica REST API ID changes between API calls,/questions/57661330/acumatica-rest-api-id-changes-between-api-calls
Implementing optimistic locking without polluting APIs with version parameters,/questions/57661328/implementing-optimistic-locking-without-polluting-apis-with-version-parameters
"When trying to install valet and composer I get this message. Installation failed, reverting ./composer.json to its original content",/questions/57661326/when-trying-to-install-valet-and-composer-i-get-this-message-installation-faile
PHP regex password validation [on hold],/questions/57661320/php-regex-password-validation
Need to call layoutIfNeeded() when keyboard shows/disappears without all the subviews having their layoutIfNeeded() called,/questions/57661319/need-to-call-layoutifneeded-when-keyboard-shows-disappears-without-all-the-sub
numpy.argpartition documentation not clear enough,/questions/57661317/numpy-argpartition-documentation-not-clear-enough
How to function call a pre-installed COMADDin?,/questions/57661316/how-to-function-call-a-pre-installed-comaddin
Use References that already exists in other project,/questions/57661315/use-references-that-already-exists-in-other-project
Fastest way to find all cycles of length n containing a specified node in a directional graph,/questions/57661314/fastest-way-to-find-all-cycles-of-length-n-containing-a-specified-node-in-a-dire
Symfony 4 Issues with vitch,/questions/57661313/symfony-4-issues-with-vitch
Convert JSON string to list of dictionaries python,/questions/57661312/convert-json-string-to-list-of-dictionaries-python
sanic How to do dependency injection?,/questions/57661310/sanic-how-to-do-dependency-injection
spell checker program in python for amharic language,/questions/57661309/spell-checker-program-in-python-for-amharic-language
Website scraping for text matching input in Python,/questions/57661305/website-scraping-for-text-matching-input-in-python
How to parse nested JSON Array in Flutter using json_model plugin?,/questions/57661304/how-to-parse-nested-json-array-in-flutter-using-json-model-plugin
"e.parameter is undefined, but in stringify is present",/questions/57661303/e-parameter-is-undefined-but-in-stringify-is-present
How to create a hyperlinked button in kivy,/questions/57661302/how-to-create-a-hyperlinked-button-in-kivy
Why are drawrectangle and drawtext using different resolutions from each other when printing,/questions/57661300/why-are-drawrectangle-and-drawtext-using-different-resolutions-from-each-other-w
How to zoom on a EditText when focus?,/questions/57661297/how-to-zoom-on-a-edittext-when-focus
Cannot modify header information - headers already sent by - Maxiimpor [duplicate],/questions/57661295/cannot-modify-header-information-headers-already-sent-by-maxiimpor
Where does jq define `+=` as a shortcut?,/questions/57661294/where-does-jq-define-as-a-shortcut
Update previous days count using LAG function in ORACLE,/questions/57661293/update-previous-days-count-using-lag-function-in-oracle
RestAssured Json response verification with GPath,/questions/57661291/restassured-json-response-verification-with-gpath
How to combine multiple arrays php like this,/questions/57661290/how-to-combine-multiple-arrays-php-like-this
How to fix Py4JJavaError while using .toPandas() function?,/questions/57661288/how-to-fix-py4jjavaerror-while-using-topandas-function
ìThe system cannot find the file specifiedî error when invoking .NET based COM component,/questions/57661286/the-system-cannot-find-the-file-specified-error-when-invoking-net-based-com-c
adding weighted mse loss function in keras,/questions/57661284/adding-weighted-mse-loss-function-in-keras
How to handle request timed out in python - traceroute script using scapy,/questions/57661283/how-to-handle-request-timed-out-in-python-traceroute-script-using-scapy
Table status in laravel,/questions/57661282/table-status-in-laravel
How extract number of topic and probability in Hierarchical LDA in python,/questions/57661279/how-extract-number-of-topic-and-probability-in-hierarchical-lda-in-python
Generate and commit a file in the context of a post-receive hook,/questions/57661275/generate-and-commit-a-file-in-the-context-of-a-post-receive-hook
Multi-label classification with single-label training data,/questions/57661274/multi-label-classification-with-single-label-training-data
Time limit exceed for a dynamic programming based question [on hold],/questions/57661272/time-limit-exceed-for-a-dynamic-programming-based-question
Custom hook factory works in project but not as npm dependency,/questions/57661268/custom-hook-factory-works-in-project-but-not-as-npm-dependency
Converting time in seconds to Hours:Minutes:Seconds,/questions/57661261/converting-time-in-seconds-to-hoursminutesseconds
How to sort bar charts in plotly3.6 (not >3.6)?,/questions/57661260/how-to-sort-bar-charts-in-plotly3-6-not-3-6
How to properly deserialize a kafka key that is an avro string,/questions/57661259/how-to-properly-deserialize-a-kafka-key-that-is-an-avro-string
Convert Pandas column of numpy arrays to python list,/questions/57661255/convert-pandas-column-of-numpy-arrays-to-python-list
BASH : How to split the grep command result and add to array?,/questions/57661254/bash-how-to-split-the-grep-command-result-and-add-to-array
"update database command in visual studio deleted my data in my sql server database, how to restore?",/questions/57661252/update-database-command-in-visual-studio-deleted-my-data-in-my-sql-server-databa
Rent contract say that pets are not allowed. Possible repercussions if bringing the pet anyway?,https://law.stackexchange.com/questions/44074/rent-contract-say-that-pets-are-not-allowed-possible-repercussions-if-bringing
Gambler coin problem: fair coin and two-headed coin,https://math.stackexchange.com/questions/3334228/gambler-coin-problem-fair-coin-and-two-headed-coin
Tex Quotes(UVa 272),https://codegolf.stackexchange.com/questions/190781/tex-quotesuva-272
Expressing the act of drawing,https://japanese.stackexchange.com/questions/70342/expressing-the-act-of-drawing
What is Spectral Subtraction for noise reduction?,https://ham.stackexchange.com/questions/15190/what-is-spectral-subtraction-for-noise-reduction
"Who was the most successful German spy against Great Britain in WWII, from the contemporary German perspective?",https://history.stackexchange.com/questions/54330/who-was-the-most-successful-german-spy-against-great-britain-in-wwii-from-the-c
What do these commands specifically do?,https://tex.stackexchange.com/questions/505686/what-do-these-commands-specifically-do
Why can't you reverse the order of the input redirection operator for while loops?,https://unix.stackexchange.com/questions/537408/why-cant-you-reverse-the-order-of-the-input-redirection-operator-for-while-loop
Count the number of paths to n,https://codegolf.stackexchange.com/questions/190877/count-the-number-of-paths-to-n
Thought experiment and possible contradiction between electromagnetism and special relativity,https://physics.stackexchange.com/questions/498701/thought-experiment-and-possible-contradiction-between-electromagnetism-and-speci
Why is proof-of-work required in Bitcoin?,https://bitcoin.stackexchange.com/questions/89972/why-is-proof-of-work-required-in-bitcoin
Prevent use of CNAME record for untrusted domain,https://superuser.com/questions/1474868/prevent-use-of-cname-record-for-untrusted-domain
Are game port joystick button circuits more than plain switches? Is this one just faulty?,https://retrocomputing.stackexchange.com/questions/12148/are-game-port-joystick-button-circuits-more-than-plain-switches-is-this-one-jus
How do we tell which part of kinetic energy gives rise to temperature?,https://physics.stackexchange.com/questions/498627/how-do-we-tell-which-part-of-kinetic-energy-gives-rise-to-temperature
To what extent are we obligated to continue to procreate beyond having two kids?,https://judaism.stackexchange.com/questions/106871/to-what-extent-are-we-obligated-to-continue-to-procreate-beyond-having-two-kids
"Why did my folder names end up like this, and how can I fix this using a script?",https://unix.stackexchange.com/questions/537413/why-did-my-folder-names-end-up-like-this-and-how-can-i-fix-this-using-a-script
using resizegather inside tabular: how to remove extra vertical space above and below the equation?,https://tex.stackexchange.com/questions/505725/using-resizegather-inside-tabular-how-to-remove-extra-vertical-space-above-and
Why does Windows store Wi-Fi passwords in a reversible format?,https://security.stackexchange.com/questions/215864/why-does-windows-store-wi-fi-passwords-in-a-reversible-format
"transparent text, such that floats and footnotes are affected correctly",https://tex.stackexchange.com/questions/505720/transparent-text-such-that-floats-and-footnotes-are-affected-correctly
What is the loud noise of a helicopter when the rotors are not yet moving?,https://aviation.stackexchange.com/questions/68047/what-is-the-loud-noise-of-a-helicopter-when-the-rotors-are-not-yet-moving
Discussing work with supervisor in an invited dinner with his family,https://academia.stackexchange.com/questions/135179/discussing-work-with-supervisor-in-an-invited-dinner-with-his-family
What's special ammo?,https://gaming.stackexchange.com/questions/356727/whats-special-ammo
Higman's lemma and a manuscript of Erd≈ës and Rado,https://mathoverflow.net/questions/339150/higmans-lemma-and-a-manuscript-of-erd%c5%91s-and-rado
What is a natural problem in theory of computation?,https://cstheory.stackexchange.com/questions/44442/what-is-a-natural-problem-in-theory-of-computation
